X,Y,id,id_hidra,tipo_hidra,diametro_b,cota_impla,levantamen,foto_inter,foto_exter,origem_dad,proprietar,observacoe
-8.14346852227474,40.7289842456632,"1","1","2","6","357.45","1",,FOTOS\OF-SV-9378,"1","1",
-8.1437784022235,40.7281917360532,"2","2","2","6","350.34","1",,FOTOS\OF-SV-9370,"1","1",
-8.14698926820667,40.7295322661082,"3","3","2","6","336.52","1",,FOTOS\OF-SV-9371,"1","1",
-8.14722232435264,40.7278602772253,"4","4","2","6","327.09","1",,FOTOS\OF-SV-9372,"1","1",
-8.14287213292007,40.7275024877708,"5","5","2","6","358.09","1",,FOTOS\OF-SV-9377,"1","1",
-8.14231182969778,40.7268297115059,"6","6","2","6","361.78","1",,FOTOS\OF-SV-9376,"1","1",
-8.14146127803669,40.7266445150097,"7","7","2","6","364.4","1",,FOTOS\OF-SV-9375,"1","1",
-8.1436261878635,40.7264588157188,"8","8","2","6","341.34","1",,FOTOS\OF-SV-9369,"1","1",
-8.15080009474077,40.7214711845447,"9","9","2","6","378.58","1",,FOTOS\OF-SV-9363,"1","1",
-8.15447786037332,40.7190436048313,"10","10","2","6","382.24","1",,FOTOS\OF-SV-9360,"1","1",
-8.15491767946939,40.7200570797848,"11","11","2","6","373.97","1",,FOTOS\OF-SV-9359,"1","1",
-8.15509246700382,40.7185038242072,"12","12","2","6","389.91","1",,FOTOS\OF-SV-9361,"1","1",
-8.15386061036398,40.7181540879297,"13","13","2","6","396.4","1",,FOTOS\OF-SV-9354,"1","1",
-8.15262884461224,40.7181524027236,"14","14","2","6","403.5","1",,FOTOS\OF-SV-9357,"1","1",
-8.15091396138132,40.7176692153695,"15","15","2","6","403.53","1",,FOTOS\OF-SV-9352,"1","1",
-8.14573783621928,40.7187816375237,"16","16","2","6","403.83","1",,FOTOS\OF-SV-9351,"1","1",
-8.16314301870679,40.7188768826267,"17","17","2","6","397.3","1",,FOTOS\OF-SV-9347,"1","1",
-8.16414828978963,40.7217053895103,"18","18","2","6","426.38","1",,FOTOS\OF-SV-9350,"1","1",
-8.16466300288094,40.7066929567022,"19","19","2","6","471.42","1",,FOTOS\OF-SV-9334,"1","1",
-8.16525321252896,40.7062961374307,"20","20","2","6","473.86","1",,FOTOS\OF-SV-9335,"1","1",
-8.14989189170408,40.7045707832827,"21","21","2","6","488.1","1",,FOTOS\OF-SV-9338,"1","1",
-8.15376027769978,40.7103267434262,"22","22","2","6","467.94","1",,FOTOS\OF-SV-9343,"1","1",
-8.15026410361305,40.7081920287253,"23","23","2","6","469.29","1",,FOTOS\OF-SV-9342,"1","1",
-8.17362754835146,40.7108768325225,"24","24","2","6","476.24","1",,FOTOS\OF-SV-9322,"1","1",
-8.17217973507492,40.7097273727171,"25","25","2","6","477.82","1",,FOTOS\OF-SV-9323,"1","1",
-8.16668223521377,40.7059240363418,"26","26","2","6","479.11","1",,FOTOS\OF-SV-9337,"1","1",
-8.16677097111475,40.7052855291586,"27","27","2","6","473.17","1",,FOTOS\OF-SV-9326,"1","1",
-8.16361802425454,40.6993526576736,"28","28","2","6","476.63","1",,FOTOS\OF-SV-9328,"1","1",
-8.16582450014086,40.7012690061943,"29","29","2","6","467.95","1",,FOTOS\OF-SV-9329,"1","1",
-8.16561505398698,40.7027266222186,"30","30","2","6","467.52","1",,FOTOS\OF-SV-9330,"1","1",
-8.14715447264109,40.7247000481601,"31","31","2","6","346.96","1",,FOTOS\OF-SV-9364,"1","1",
-8.16634588068306,40.7043850544666,"32","32","2","6","471.55","1",,FOTOS\OF-SV-9331,"1","1",
-8.25534005857807,40.7416336346368,"33","33","2","6","315.53","1",,FOTOS\WIN_20180810_15_06_48_Pro.jpg,"1","1",
-8.25568852555957,40.7416499514209,"34","34","2","6","320.8","1",,FOTOS\WIN_20180810_15_05_06_Pro.jpg,"1","1",
-8.27238168689659,40.7359135533113,"35","35","2","6","340.53","1",,FOTOS\WIN_20180808_16_48_36_Pro.jpg,"1","1",
-8.27558446216822,40.7373889390157,"36","36","2","6","346.91","1",FOTOS\WIN_20180808_16_16_31_Pro.jpg,FOTOS\WIN_20180808_16_16_40_Pro.jpg,"1","1",
-8.24786829553197,40.7557828893811,"37","37","2","6","148.22","1",,FOTOS\WIN_20180810_15_40_08_Pro.jpg,"1","1",
-8.25146638362891,40.7567060563646,"38","38","2","6","149.13","1",,FOTOS\WIN_20180810_15_49_59_Pro.jpg,"1","1",
-8.25158231068645,40.755392704869,"39","39","2","6","150.18","1",,FOTOS\WIN_20180810_15_45_13_Pro.jpg,"1","1",
-8.25349822758833,40.7540155599145,"40","40","2","6","131.14","1",,FOTOS\WIN_20180810_15_54_26_Pro.jpg,"1","1",
-8.25464503605228,40.7420094912234,"41","41","2","6","303.5","1",,FOTOS\WIN_20180810_15_15_09_Pro.jpg,"1","1",
-8.25399820139365,40.7400979137812,"42","42","2","6","329.79","1",,FOTOS\WIN_20180810_14_57_34_Pro.jpg,"1","1",
-8.25144008605303,40.7403961296013,"43","43","2","6","331.23","1",,FOTOS\WIN_20180810_14_53_34_Pro.jpg,"1","1",
-8.25446256755073,40.7391731055796,"44","44","2","6","338.81","1",,FOTOS\WIN_20180810_14_47_58_Pro.jpg,"1","1",
-8.25510908280699,40.7404044132948,"45","45","2","6","333.62","1",,FOTOS\WIN_20180810_15_00_27_Pro.jpg,"1","1",
-8.25659244757529,40.7427789465465,"46","46","2","6","308.63","1",,FOTOS\WIN_20180810_15_22_24_Pro.jpg,"1","1",
-8.25958239166675,40.7322387050336,"47","47","2","6","364.47","1",,FOTOS\WIN_20180810_12_57_07_Pro.jpg,"1","1",
-8.26246153346371,40.7278090839879,"48","48","2","6","383.62","1",,FOTOS\WIN_20180810_12_42_28_Pro.jpg,"1","1",
-8.26343468719289,40.7295596732892,"49","49","2","6","371.72","1",,FOTOS\WIN_20180810_12_59_58_Pro.jpg,"1","1",
-8.27201980602813,40.7244370654762,"50","50","2","6","335.84","1",FOTOS\WIN_20180810_12_37_49_Pro.jpg,FOTOS\WIN_20180810_12_37_59_Pro.jpg,"1","1",
-8.27726741022621,40.7236648773156,"51","51","2","6","359.15","1",,FOTOS\WIN_20180810_12_29_39_Pro.jpg,"1","1",
-8.27861878330384,40.7251887648176,"52","52","2","6","371.67","1",,FOTOS\WIN_20180808_16_59_31_Pro.jpg,"1","1",
-8.27559141576255,40.7277572004426,"53","53","2","6","356.16","1",,FOTOS\WIN_20180810_12_26_50_Pro.jpg,"1","1",
-8.27684923945912,40.7342050675954,"54","54","2","6","368.52","1",FOTOS\WIN_20180808_15_27_11_Pro.jpg,FOTOS\WIN_20180808_15_28_09_Pro.jpg,"1","1",
-8.2808067056934,40.7368959673442,"55","55","2","6","362.86","1",,FOTOS\WIN_20180808_16_07_04_Pro.jpg,"1","1",
-8.27443966802477,40.7359752951859,"56","56","2","6","362.86","1",FOTOS\WIN_20180808_16_28_44_Pro.jpg,FOTOS\WIN_20180808_16_28_50_Pro.jpg,"1","1",
-8.27310302872742,40.7376856129556,"57","57","2","6","343.27","1",,,"1","1",
-8.27306677429475,40.7377067005164,"58","58","2","6","343.23","1",,FOTOS\WIN_20180808_16_36_36_Pro.jpg,"1","1",
-8.27417000375446,40.7404778383662,"59","59","2","6","331.55","1",FOTOS\WIN_20180808_16_20_02_Pro.jpg,FOTOS\WIN_20180808_16_20_13_Pro.jpg,"1","1",
-8.28079774257614,40.7387791051481,"60","60","2","6","346.26","1",,FOTOS\WIN_20180808_16_10_22_Pro.jpg,"1","1",
-8.28051732526343,40.7516934236746,"61","61","2","6","138.39","1",,FOTOS\WIN_20180810_17_00_15_Pro.jpg,"1","1",
-8.28135702087894,40.7528740498409,"62","62","2","6","127.28","1",,FOTOS\WIN_20180810_17_03_34_Pro.jpg,"1","1",
-8.2819138848037,40.7516015723439,"63","63","2","6","147.83","1",,FOTOS\WIN_20180810_17_08_08_Pro.jpg,"1","1",
-8.27993731286106,40.7495770283014,"64","64","2","6","179.71","1",,FOTOS\WIN_20180810_17_11_11_Pro.jpg,"1","1",
-8.26557663135279,40.7549197477372,"65","65","2","6","166.07","1",,FOTOS\WIN_20180810_16_24_25_Pro.jpg,"1","1",
-8.26516704371794,40.7540335561455,"66","66","2","6","181.5","1",,FOTOS\WIN_20180810_16_17_37_Pro.jpg,"1","1",
-8.26517407663988,40.7546374515571,"67","67","2","6","176.7","1",,FOTOS\WIN_20180810_16_21_07_Pro.jpg,"1","1",
-8.26634384818442,40.7554978781069,"68","68","2","6","153.86","1",,FOTOS\WIN_20180810_16_25_57_Pro.jpg,"1","1",
-8.26329771364911,40.7559657610292,"69","69","2","6","180.26","1",,FOTOS\WIN_20180810_16_44_04_Pro.jpg,"1","1",
-8.25512254026924,40.6979627163802,"70","70","2","6","447.21","1",,FOTOS\OF-UFRD WIN_20160823_19_16_55_Pro,"1","1",
-8.26116519389342,40.6921249652335,"71","71","2","6","439.01","1",,FOTOS\OF-UFRD WIN_20160823_18_46_15_Pro,"1","1",
-8.25747944222414,40.6956669407871,"72","72","2","6","446.35","1",,FOTOS\OF-UFRD WIN_20160823_19_16_55_Pro,"1","1",
-8.25980291944433,40.693541532449,"73","73","2","6","436.66","1",,FOTOS\OF-UFRD WIN_20160823_19_23_07_Pro,"1","1",
-8.25839593720095,40.6951416922799,"74","74","2","6","445.43","1",,FOTOS\OF-UFRD WIN_20160823_19_21_33_Pro,"1","1",
-8.27354236266501,40.6781917138043,"75","75","2","6","387.47","1",,FOTOS\OF-UFRD WIN_20160823_17_47_15_Pro,"1","1",
-8.27309447338893,40.6781467637565,"76","76","2","6","387.71","1",,FOTOS\OF-UFRD WIN_20160823_17_45_01_Pro,"1","1",
-8.27177774944263,40.6772499824512,"77","77","2","6","382.39","1",,FOTOS\OF-UFRD WIN_20160823_17_53_04_Pro,"1","1",
-8.27396912528679,40.6778199031847,"78","78","2","6","389.21","1",,FOTOS\OF-UFRD WIN_20160823_17_49_05_Pro,"1","1",
-8.27290921055473,40.676953584118,"79","79","2","6","389.02","1",,FOTOS\OF-UFRD WIN_20160823_17_51_06_Pro,"1","1",
-8.27597688388702,40.6784981474464,"80","80","2","6","400.44","1",,FOTOS\OF-UFRD WIN_20160823_17_28_57_Pro,"1","1",
-8.27427498388977,40.6781020402292,"81","81","2","6","390.93","1",,FOTOS\OF-UFRD WIN_20160823_17_30_59_Pro,"1","1",
-8.27119808444147,40.6795221241156,"82","82","2","6","399.74","1",,FOTOS\OF-UFRD WIN_20160823_18_04_16_Pro,"1","1",
-8.26864463056134,40.6817608930096,"83","83","2","6","414.3","1",,FOTOS\OF-UFRD WIN_20160823_18_22_45_Pro,"1","1",
-8.26864148854673,40.6810411848308,"84","84","2","6","413.69","1",,FOTOS\OF-UFRD WIN_20160823_18_20_32_Pro,"1","1",
-8.26850098166835,40.6810195696726,"85","85","2","6","413.9","1",,FOTOS\OF-UFRD WIN_20160823_18_20_49_Pro,"1","1",
-8.26864364227343,40.682554161265,"86","86","2","6","415.85","1",,FOTOS\OF-UFRD WIN_20160823_18_24_07_Pro,"1","1",
-8.26850587111282,40.6825543263429,"87","87","2","6","415.76","1",,FOTOS\OF-UFRD WIN_20160823_18_24_35_Pro,"1","1",
-8.26864200240051,40.6833680557101,"88","88","2","6","418.94","1",,FOTOS\OF-UFRD WIN_20160823_18_26_35_Pro,"1","1",
-8.26849960667267,40.6833574096734,"89","89","2","6","418.47","1",,FOTOS\OF-UFRD WIN_20160823_18_26_44_Pro,"1","1",
-8.26864641555451,40.6842019791161,"90","90","2","6","423.11","1",,FOTOS\OF-UFRD WIN_20160823_18_28_27_Pro,"1","1",
-8.26851105166785,40.684210081898,"91","91","2","6","423.23","1",,FOTOS\OF-UFRD WIN_20160823_18_28_38_Pro,"1","1",
-8.2754893905597,40.6758755330037,"92","92","2","6","378.21","1",,FOTOS\OF-UFRD WIN_20160823_17_41_50_Pro,"1","1",
-8.27752852787647,40.6800595133012,"93","93","2","6","408.44","1",,FOTOS\OF-UFRD WIN_20160823_17_25_42_Pro,"1","1",
-8.27913351277616,40.6786617124498,"94","94","2","6","419.92","1",,FOTOS\OF-UFRD WIN_20160823_17_22_06_Pro,"1","1",
-8.27866089777993,40.6793412718924,"95","95","2","6","407.63","1",,FOTOS\OF-UFRD WIN_20160823_17_23_35_Pro,"1","1",
-8.27499601833071,40.6802889702304,"96","96","2","6","411.53","1",,FOTOS\OF-UFRD WIN_20160823_18_04_16_Pro,"1","1",
-8.27582259343538,40.6717228126514,"97","97","2","6","379.99","1",,FOTOS\OF-UFRD WIN_20160823_16_18_38_Pro,"1","1",
-8.27286469569728,40.6679838188741,"98","98","2","6","359.3","1",,FOTOS\OF-UFRD WIN_20160823_16_03_58_Pro,"1","1",
-8.26870226389231,40.6706805696741,"99","99","2","6","334.41","1",,FOTOS\OF-UFRD WIN_20160823_16_08_53_Pro,"1","1",
-8.28341658111661,40.65107642578,"100","100","2","6","214.68","1",,FOTOS\OF-UFRD WIN_20160823_15_51_25_Pro,"1","1",
-8.2844497322182,40.6479327896623,"101","101","2","6","215.84","1",,FOTOS\OF-UFRD WIN_20160823_15_18_25_Pro,"1","1",
-8.28412995111501,40.6458649046636,"102","102","2","6","225.34","1",,FOTOS\OF-UFRD WIN_20160823_15_13_49_Pro,"1","1",
-8.29235816590599,40.6380596909217,"103","103","2","6","361.38","1",,FOTOS\OF-UFRD WIN_20160823_15_05_46_Pro,"1","1",
-8.26313194813072,40.6921814550587,"104","104","2","6","453.6","1",,FOTOS\OF-UFRD WIN_20160823_18_38_13_Pro,"1","1",
-8.2875496416706,40.6726390030084,"105","105","2","6","410.13","1",,FOTOS\OF-UFRD WIN_20160823_16_48_36_Pro,"1","1",
-8.28624421636206,40.6724545828204,"106","106","2","6","413.3","1",,FOTOS\OF-UFRD WIN_20160823_16_51_21_Pro,"1","1",
-8.28655193241963,40.6727099834119,"107","107","2","6","421","1",,FOTOS\OF-UFRD WIN_20160823_16_44_14_Pro,"1","1",
-8.2840894294401,40.6730521996742,"108","108","2","6","443.08","1",,FOTOS\OF-UFRD WIN_20160823_16_40_23_Pro,"1","1",
-8.28443112704224,40.6739175893899,"109","109","2","6","445.6","1",,FOTOS\OF-UFRD WIN_20160823_16_42_36_Pro,"1","1",
-8.28138194055638,40.6762270091197,"110","110","2","6","452.27","1",,FOTOS\OF-UFRD WIN_20160823_16_30_15_Pro,"1","1",
-8.28275935833581,40.6762143657802,"111","111","2","6","451.06","1",,FOTOS\OF-UFRD WIN_20160823_16_33_11_Pro,"1","1",
-8.28379337944275,40.6759604263336,"112","112","2","6","455.6","1",,FOTOS\OF-UFRD WIN_20160823_16_34_31_Pro,"1","1",
-8.28390777945,40.6762855413386,"113","113","2","6","462.73","1",,FOTOS\OF-UFRD WIN_20160823_16_56_36_Pro,"1","1",
-8.28563771732716,40.6758711527502,"114","114","2","6","470.93","1",,FOTOS\OF-UFRD WIN_20160823_16_58_35_Pro,"1","1",
-8.23708634367901,40.7068845773476,"115","115","2","6","466.06","1",,FOTOS\WIN_20180813_12_12_54_Pro.jpg,"1","1",
-8.21585375260942,40.7103785081724,"116","116","2","6","441.68","1",,FOTOS\WIN_20180813_11_47_20_Pro.jpg,"1","1",
-8.21152557142583,40.7315986954391,"117","117","2","6","346","1",,FOTOS\OF-PL-9311,"1","1",
-8.22962105279156,40.7123190323289,"118","118","2","6","488.4","1",,FOTOS\OF-PL-9229,"1","1",
-8.20970573230161,40.7292981760773,"119","119","2","6","359.21","1",,FOTOS\OF-PL-9314,"1","1",
-8.20601758426979,40.7307383095364,"120","120","2","6","368.79","1",,FOTOS\OF-PL-9309,"1","1",
-8.20682145443476,40.7299532379518,"121","121","2","6","375.62","1",,FOTOS\OF-PL-9308,"1","1",
-8.209896608738,40.7271123888159,"122","122","2","6","384.64","1",,FOTOS\OF-PL-9307,"1","1",
-8.21196986031169,40.7258530051062,"123","123","2","6","390.07","1",,FOTOS\OF-PL-9318,"1","1",
-8.21208881268512,40.7258109759361,"124","124","2","6","389.79","1",,FOTOS\OF-PL-9319,"1","1",
-8.2111287139556,40.7257604528898,"125","125","2","6","390.71","1",,FOTOS\OF-PL-9315,"1","1",
-8.21182799974809,40.7259038919054,"126","126","4","6","389.39","1",,FOTOS\OF-PL-9317,"1","1",
-8.21220183000018,40.7257684511917,"127","127","4","6","389.43","1",,FOTOS\OF-PL-9320,"1","1",
-8.21252362610622,40.7250790779551,"128","128","2","6","408.79","1",,FOTOS\OF-PL-9289,"1","1",
-8.21121029290711,40.7254165033183,"129","129","2","6","400.66","1",,FOTOS\OF-PL-9290,"1","1",
-8.21096658354505,40.7239820159584,"130","130","2","6","410.74","1",,FOTOS\OF-PL-9292,"1","1",
-8.21096240810559,40.724705629885,"131","131","2","6","402.67","1",,FOTOS\OF-PL-9291,"1","1",
-8.2066603482333,40.7277774930054,"132","132","2","6","389.23","1",,FOTOS\OF-PL-9299,"1","1",
-8.20575537244218,40.7286299520141,"133","133","2","6","386.32","1",,FOTOS\OF-PL-9300,"1","1",
-8.2139754376029,40.7260045217161,"134","134","2","6","383.59","1",,FOTOS\OF-PL-9321,"1","1",
-8.21835927372816,40.7224154699241,"135","135","2","6","446.79","1",,FOTOS\OF-PL-9284,"1","1",
-8.21256272760465,40.7223473305456,"136","136","2","6","467.01","1",,FOTOS\OF-PL-9288,"1","1",
-8.24709331739786,40.7014250198222,"137","137","2","6","454.75","1",,FOTOS\OF-PL-9183,"1","1",
-8.21640558451157,40.7230336038954,"138","138","2","6","428.69","1",,FOTOS\OF-PL-9283,"1","1",
-8.24904667286234,40.7004364988254,"139","139","2","6","458.82","1",,FOTOS\OF-PL-9182,"1","1",
-8.24394926596825,40.7030531571209,"140","140","2","6","462.69","1",,FOTOS\OF-PL-9185,"1","1",
-8.25185407131034,40.6990494155993,"141","141","2","6","454.4","1",,FOTOS\OF-PL-9181,"1","1",
-8.24562113055753,40.7021557775966,"142","142","2","6","454.21","1",,FOTOS\OF-PL-9184,"1","1",
-8.24876259589935,40.700956961438,"143","143","2","6","459.78","1",,FOTOS\OF-PL-9189,"1","1",
-8.25113163484045,40.7034975735553,"144","144","2","6","480.06","1",,FOTOS\OF-PL-9188,"1","1",
-8.25147760696743,40.7163167362886,"145","145","2","6","514.36","1",,FOTOS\OF-PL-9203,"1","1",
-8.2460764953635,40.7105112490403,"146","146","2","6","500.24","1",,FOTOS\OF-PL-9198,"1","1",
-8.24042091860254,40.7064277757404,"147","147","2","6","500.24","1",,FOTOS\OF-PL-9195,"1","1",
-8.24519944896352,40.7093722670051,"148","148","2","6","494.2","1",,FOTOS\OF-PL-9197,"1","1",
-8.23772519110763,40.6981887326408,"149","149","2","6","455.87","1",,FOTOS\WIN_20180813_12_23_26_Pro.jpg,"1","1",
-8.23876655878497,40.698296120785,"150","150","2","6","454.99","1",,FOTOS\OF-PL-9209,"1","1",
-8.2239644345136,40.7051831923822,"151","151","2","6","427.96","1",,FOTOS\OF-PL-9215,"1","1",
-8.24989561078745,40.7147027096738,"152","152","2","6","522.6799999999999","1",,FOTOS\OF-PL-9202,"1","1",
-8.22284551459175,40.7031422202231,"153","153","2","6","420.07","1",,FOTOS\OF-PL-9217,"1","1",
-8.23835791572948,40.6991454218404,"154","154","2","6","455.52","1",,FOTOS\OF-PL-9208,"1","1",
-8.23511421600976,40.7045692514179,"155","155","2","6","462.36","1",,FOTOS\OF-PL-9213,"1","1",
-8.22186573041648,40.700893809683,"156","156","2","6","413.69","1",,FOTOS\OF-PL-9218,"1","1",
-8.22735282692657,40.7107982025153,"157","157","2","6","488.02","1",,FOTOS\WIN_20180813_11_41_38_Pro.jpg,"1","1",
-8.230957681491,40.7073011894932,"158","158","4","6","493.45","1",,FOTOS\OF-PL-9221,"1","1",
-8.22595243980576,40.7114141781801,"159","159","2","6","473.62","1",,FOTOS\OF-PL-9227,"1","1",
-8.21151664314221,40.7014981750783,"160","160","2","6","420.08","1",,FOTOS\OF-PL-9246,"1","1",
-8.23068651931648,40.7073715603758,"161","161","4","6","479.02","1",,FOTOS\OF-PL-9220,"1","1",
-8.22432970415059,40.7113679497985,"162","162","2","6","455.46","1",,FOTOS\OF-PL-9233,"1","1",
-8.21829151655612,40.7108321897918,"163","163","2","6","439.5","1",,FOTOS\OF-PL-9239,"1","1",
-8.22190487936602,40.7119927562086,"164","164","2","6","454.66","1",,FOTOS\OF-PL-9235,"1","1",
-8.21226053504888,40.709869978124,"165","165","2","6","464.15","1",,FOTOS\OF-PL-9240,"1","1",
-8.22107250637996,40.7113322168661,"166","166","2","6","443.13","1",,FOTOS\OF-PL-9237,"1","1",
-8.2210155528292,40.7126595122427,"167","167","2","6","463.97","1",,FOTOS\OF-PL-9236,"1","1",
-8.22394311578073,40.7127498448758,"168","168","2","6","455.78","1",,FOTOS\OF-PL-9234,"1","1",
-8.2282100684788,40.7123961771141,"169","169","2","6","481.46","1",,FOTOS\OF-PL-9230,"1","1",
-8.22968459721561,40.7236357284026,"170","170","2","6","496.03","1",,FOTOS\OF-PL-9250,"1","1",
-8.23256456111469,40.7264011758157,"171","171","2","6","452.17","1",,FOTOS\WIN_20180813_11_28_52_Pro.jpg,"1","1",
-8.22485741019018,40.7125803125276,"172","172","2","6","455.5","1",,FOTOS\OF-PL-9231,"1","1",
-8.23376235405761,40.7268021930826,"173","173","2","6","459.07","1",,FOTOS\OF-PL-9257,"1","1",
-8.22698955118745,40.7303908270177,"174","174","2","6","418.93","1",,FOTOS\OF-PL-9269,"1","1",
-8.23080064055129,40.7275838331687,"175","175","2","6","446.85","1",,FOTOS\OF-PL-9259,"1","1",
-8.22875846695699,40.7282076375197,"176","176","2","6","457.15","1",,FOTOS\OF-PL-9267,"1","1",
-8.22777670047892,40.7286017184375,"177","177","2","6","458","1",,FOTOS\OF-PL-9266,"1","1",
-8.23064515314598,40.7272679132968,"178","178","2","6","456.34","1",,FOTOS\OF-PL-9262,"1","1",
-8.22897671376121,40.7248620123278,"179","179","2","6","490.79","1",,FOTOS\OF-PL-9253,"1","1",
-8.22821474805103,40.7295538279523,"180","180","2","6","431.86","1",,FOTOS\OF-PL-9268,"1","1",
-8.23159057560379,40.7265775019065,"181","181","2","6","446.94","1",,FOTOS\OF-PL-9258,"1","1",
-8.23060141475038,40.7285078315292,"182","182","2","6","432.41","1",,FOTOS\OF-PL-9270,"1","1",
-8.23646181547568,40.7306216950071,"183","183","2","6","412.17","1",,FOTOS\OF-PL-9273,"1","1",
-8.23679939943005,40.729961853004,"184","184","2","6","413.11","1",,FOTOS\OF-PL-9274,"1","1",
-8.24419407352239,40.7316136555396,"185","185","2","6","398.02","1",,FOTOS\OF-PL-9282,"1","1",
-8.24676387446087,40.7344159412312,"186","186","2","6","385.09","1",,FOTOS\OF-PL-9277,"1","1",
-8.31329057067039,40.7328049170978,"187","187","2","6","235.27","1",,FOTOS\WIN_20180810_11_10_14_Pro.jpg,"1","1",
-8.31462449309631,40.7377831205597,"188","188","2","6","184.29","1",,FOTOS\WIN_20180810_11_15_45_Pro.jpg,"1","1",
-8.30511362903061,40.7376326590768,"189","189","2","6","200.94","1",,FOTOS\WIN_20180810_11_58_08_Pro.jpg,"1","1",
-8.30481975673172,40.7388260752934,"190","190","2","6","192.82","1",,FOTOS\WIN_20180810_12_01_06_Pro.jpg,"1","1",
-8.30628204342245,40.7394159178856,"191","191","2","6","190.63","1",,FOTOS/RIBEIRADIO/OF-RD-9091,"1","1",
-8.30010740468014,40.7400770174783,"192","192","2","6","211.45","1",,FOTOS/RIBEIRADIO/OF-RD-9094,"1","1",
-8.30027476608237,40.7395764823384,"193","193","2","6","209.68","1",,FOTOS/RIBEIRADIO/OF-RD-9093,"1","1",
-8.29935745149009,40.7324502251538,"194","194","2","6","267.12","1",,FOTOS\WIN_20180810_11_40_41_Pro.jpg,"1","1",
-8.30324627862269,40.7308880717238,"195","195","2","6","262.19","1",,FOTOS/RIBEIRADIO/OF-RD-9082,"1","1",
-8.30986661371784,40.728663997406,"196","196","2","6","296.52","1",,FOTOS\WIN_20180810_11_33_24_Pro.jpg,"1","1",
-8.30748500179171,40.7293037270225,"197","197","2","6","350.86","1",,FOTOS\WIN_20180810_11_30_31_Pro.jpg,"1","1",
-8.30829756057628,40.7294965113185,"198","198","2","6","295.28","1",,FOTOS/RIBEIRADIO/OF-RD-9088,"1","1",
-8.30832444527187,40.7286849530727,"199","199","2","6","296.56","1",,FOTOS/RIBEIRADIO/OF-RD-9086,"1","1",
-8.29917344926303,40.733828604578,"200","200","2","6","260.92","1",,FOTOS\WIN_20180810_11_44_50_Pro.jpg,"1","1",
-8.2502171419269,40.7991254778262,"201","201","2","6","354.028","1",,FOTOS\OF-SJ-WIN_20160629_11_33_04_Pro,"1","1",
-8.24952318611983,40.7980265317325,"202","202","2","6","332.855","1",,FOTOS\OF-SJ-WIN_20160629_11_37_36_Pro,"1","1",
-8.25034837384121,40.7984767361521,"203","203","2","6","336.373","1",,FOTOS\OF-SJ-WIN_20160629_11_38_54_Pro,"1","1",
-8.24877851194946,40.7972743497271,"204","204","2","6","350.287","1",,FOTOS\OF-SJ-WIN_20160629_11_43_50_Pro,"1","1",
-8.23827531090774,40.7904257482623,"205","205","2","6","403.114","1",,FOTOS\OF-SJ-WIN_20160629_10_21_17_Pro,"1","1",
-8.23431955391505,40.789501972573,"206","206","2","6","408.873","1",FOTOS\OF-SJ-WIN_20160629_09_48_11_Pro,FOTOS\OF-SJ-WIN_20160629_09_48_22_Pro,"1","1",
-8.23476513278122,40.7887319266202,"207","207","2","6","416.381","1",,FOTOS\OF-SJ-WIN_20160629_09_46_31_Pro,"1","1",
-8.24334661808683,40.7833477843247,"208","208","2","6","354.493","1",,FOTOS\OF-SJ-WIN_20160629_11_50_54_Pro,"1","1",
-8.24341812066146,40.7830007814018,"209","209","2","6","354.295","1",,FOTOS\OF-SJ-WIN_20160629_11_52_14_Pro,"1","1",
-8.24353962466928,40.7830309579217,"210","210","2","6","352.426","1",,FOTOS\OF-SJ-WIN_20160629_11_53_27_Pro,"1","1",
-8.24368818109188,40.7833218383811,"211","211","2","6","350.346","1",,FOTOS\OF-SJ-WIN_20160629_11_54_10_Pro,"1","1",
-8.24539461228979,40.784855934441,"212","212","2","6","336.746","1",FOTOS\OF-SJ-WIN_20160629_11_55_52_Pro,FOTOS\OF-SJ-WIN_20160629_11_55_59_Pro,"1","1",
-8.24334204622143,40.782144607143,"213","213","2","6","350.952","1",,FOTOS\OF-SJ-WIN_20160629_11_58_13_Pro,"1","1",
-8.24083545097576,40.7763900280598,"214","214","2","6","376.788","1",,FOTOS\OF-SJ-WIN_20160629_13_35_30_Pro,"1","1",
-8.24329831856623,40.7805953157966,"215","215","2","6","342.01","1",,FOTOS\OF-SJ-WIN_20160629_13_57_08_Pro,"1","1",
-8.2472090078719,40.7820789482767,"216","216","2","6","331.181","1",,FOTOS\OF-SJ-WIN_20160629_15_37_45_Pro,"1","1",REGADIO
-8.25265598415971,40.7816995654882,"217","217","2","6","260.127","1",,FOTOS\OF-SJ-WIN_20160629_15_10_54_Pro,"1","1",
-8.26374976061461,40.7687285475274,"218","218","2","6","187.718","1",FOTOS\OF-SJ-WIN_20160629_14_23_21_Pro,FOTOS\OF-SJ-WIN_20160629_14_23_28_Pro,"1","1",
-8.26471828368833,40.7690411000428,"219","219","2","6","191.158","1",FOTOS\OF-SJ-WIN_20160629_14_26_14_Pro,FOTOS\OF-SJ-WIN_20160629_14_26_22_Pro,"1","1",
-8.26157079658929,40.7697377428836,"220","220","2","6","193.247","1",,FOTOS\OF-SJ-WIN_20160629_14_34_36_Pro,"1","1",
-8.24365986975702,40.7801296738139,"221","221","2","6","338.091","1",,FOTOS\OF-SJ-WIN_20160629_13_58_53_Pro,"1","1",
-8.26477123129309,40.7677345049107,"222","222","2","6","186.749","1",FOTOS\OF-SJ-WIN_20160629_14_20_31_Pro,FOTOS\OF-SJ-WIN_20160629_14_20_42_Pro,"1","1",
-8.24176447128255,40.779246383677,"223","223","2","6","357.416","1",,FOTOS\WIN_20180808_14_07_38_Pro.jpg,"1","1",
-8.24104337558142,40.7777350251046,"224","224","2","6","364.725","1",,FOTOS\WIN_20180808_14_05_43_Pro.jpg,"1","1",
-8.21656657036095,40.609013505277,"225","225","2","6","643.99","1",,FOTOS\OF-AV-WIN_20160715_14_39_45_Pro,"1","1",
-8.21458346769585,40.6051236627446,"226","226","2","6","633.183","1",,FOTOS\OF-AV-WIN_20160715_14_05_08_Pro,"1","1",
-8.21306447907428,40.6071454665723,"227","227","2","6","657.976","1",,FOTOS\OF-AV-WIN_20160715_14_35_12_Pro,"1","1",
-8.21592501978738,40.6039432185389,"228","228","2","6","622.479","1",FOTOS\OF-AV-WIN_20160715_14_08_47_Pro,FOTOS\OF-AV-WIN_20160715_14_08_56_Pro,"1","1",
-8.21672748582954,40.6036318870573,"229","229","2","6","619.624","1",,FOTOS\OF-AV-WIN_20160715_14_14_03_Pro,"1","1",
-8.2165402506422,40.6045720089011,"230","230","2","6","625.163","1",FOTOS\OF-AV-WIN_20160715_14_30_27_Pro,FOTOS\OF-AV-WIN_20160715_14_30_11_Pro,"1","1",
-8.20601453463024,40.5998567572166,"231","231","2","6","656.941","1",,FOTOS\OF-AV-WIN_20160715_13_59_49_Pro,"1","1",
-8.21441997073222,40.6047959057016,"232","232","2","6","630.758","1",,FOTOS\OF-AV-WIN_20160715_14_05_57_Pro,"1","1",
-8.21733115287276,40.6043443224087,"233","233","2","6","623.521","1",,FOTOS\OF-AV-WIN_20160715_14_28_47_Pro,"1","1",
-8.22503057724526,40.6047048123202,"234","234","2","6","599.6","1",,FOTOS\OF-AV-WIN_20160715_14_25_32_Pro,"1","1",
-8.17326519840529,40.5936615916101,"235","235","2","6","851.266","1",,FOTOS\OF-AV-WIN_20160715_10_36_54_Pro,"1","1",
-8.18197275641831,40.5936571016213,"236","236","2","6","771.933","1",,FOTOS\OF-AV-WIN_20160715_10_31_30_Pro,"1","1",
-8.18144873916981,40.5942814234121,"237","237","2","6","774.337","1",,FOTOS\OF-AV-WIN_20160715_10_30_09_Pro,"1","1",
-8.1809970421358,40.5953296268459,"238","238","2","6","779.338","1",FOTOS\OF-AV-WIN_20160715_10_28_26_Pro,FOTOS\OF-AV-WIN_20160715_10_28_34_Pro,"1","1",
-8.18077775029659,40.5962687418966,"239","239","2","6","784.242","1",,FOTOS\OF-AV-WIN_20160715_10_26_55_Pro,"1","1",
-8.18068143089576,40.5968337900715,"240","240","2","6","787.765","1",FOTOS\OF-AV-WIN_20160715_10_25_26_Pro,FOTOS\OF-AV-WIN_20160715_10_25_34_Pro,"1","1",
-8.1802948402565,40.5977031999485,"241","241","2","6","793.779","1",FOTOS\OF-AV-WIN_20160715_10_18_32_Pro,FOTOS\OF-AV-WIN_20160715_10_17_11_Pro,"1","1",
-8.18033039210179,40.5984801596537,"242","242","2","6","792.438","1",,FOTOS\OF-AV-WIN_20160715_10_21_40_Pro,"1","1",
-8.18066523915934,40.5992252168327,"243","243","2","6","784.039","1",,FOTOS\OF-AV-WIN_20160715_10_20_40_Pro,"1","1",
-8.18273719143466,40.5930219580693,"244","244","2","6","770.487","1",,FOTOS\OF-AV-WIN_20160715_10_55_05_Pro,"1","1",
-8.18356021493776,40.5905607391917,"245","245","2","6","782.544","1",,FOTOS\OF-AV-WIN_20160715_13_29_54_Pro,"1","1",
-8.18396510671742,40.5907880349171,"246","246","2","6","784.452","1",,FOTOS\OF-AV-WIN_20160715_13_28_29_Pro,"1","1",
-8.18579223258331,40.5896650775019,"247","247","2","6","772.282","1",,FOTOS\OF-AV-WIN_20160715_13_36_15_Pro,"1","1",
-8.18650658481208,40.5894623378594,"248","248","2","6","773.078","1",,FOTOS\OF-AV-WIN_20160715_13_37_58_Pro,"1","1",
-8.1867114786503,40.5897182810209,"249","249","2","6","779.354","1",,FOTOS\OF-AV-WIN_20160715_13_40_28_Pro,"1","1",
-8.18789374254007,40.5899243974697,"250","250","2","6","784.8390000000001","1",,FOTOS\OF-AV-WIN_20160715_11_44_43_Pro,"1","1",
-8.1890227475485,40.5900141704177,"251","251","2","6","787.378","1",,FOTOS\OF-AV-WIN_20160715_11_48_14_Pro,"1","1",
-8.18983515913333,40.5903243302902,"252","252","2","6","785.552","1",,FOTOS\OF-AV-WIN_20160715_11_49_10_Pro,"1","1",
-8.18406502918614,40.5915626426806,"253","253","2","6","778.954","1",,FOTOS\OF-AV-WIN_20160715_13_48_56_Pro,"1","1",
-8.18825666709968,40.590013395028,"254","254","2","6","785.701","1",FOTOS\OF-AV-WIN_20160715_11_42_17_Pro,FOTOS\OF-AV-WIN_20160715_11_42_30_Pro,"1","1",
-8.18773965696154,40.5905771008627,"255","255","2","6","782.728","1",,FOTOS\OF-AV-WIN_20160715_11_28_59_Pro,"1","1",
-8.18721549273475,40.5903364834443,"256","256","2","6","787.581","1",,FOTOS\OF-AV-WIN_20160715_11_22_25_Pro,"1","1",
-8.18562867851914,40.5905311984782,"257","257","2","6","784.88","1",,FOTOS\OF-AV-WIN_20160715_11_16_56_Pro,"1","1",
-8.18619492857625,40.5900855926806,"258","258","2","6","785.033","1",,FOTOS\OF-AV-WIN_20160715_13_44_46_Pro,"1","1",
-8.18486017584925,40.5899703094686,"259","259","2","6","772.256","1",,FOTOS\OF-AV-WIN_20160715_13_34_45_Pro,"1","1",
-8.18384270169078,40.5901471832147,"260","260","2","6","776.228","1",,FOTOS\OF-AV-WIN_20160715_13_21_38_Pro,"1","1",
-8.1832470260423,40.589871296477,"261","261","2","6","768.587","1",FOTOS\OF-AV-WIN_20160715_13_09_47_Pro,FOTOS\OF-AV-WIN_20160715_13_10_01_Pro,"1","1",
-8.18373892326325,40.5892030433876,"262","262","2","6","761.355","1",,FOTOS\OF-AV-WIN_20160715_13_08_11_Pro,"1","1",
-8.18442358968349,40.589059332204,"263","263","2","6","758.395","1",,FOTOS\OF-AV-WIN_20160715_13_04_44_Pro,"1","1",
-8.18495715552071,40.5894007001758,"264","264","2","6","765.5309999999999","1",FOTOS\OF-AV-WIN_20160715_13_00_40_Pro,FOTOS\OF-AV-WIN_20160715_13_00_49_Pro,"1","1",
-8.18395165511721,40.5895133889066,"265","265","2","6","769.951","1",,FOTOS\OF-AV-WIN_20160715_13_16_01_Pro,"1","1",
-8.18351718238927,40.5910977515883,"266","266","2","6","777.146","1",,FOTOS\OF-AV-WIN_20160715_13_23_53_Pro,"1","1",
-8.18540261582162,40.5892566850774,"267","267","2","6","762.543","1",,FOTOS\OF-AV-WIN_20160715_12_57_47_Pro,"1","1",
-8.18596320205495,40.5889657125269,"268","268","2","6","761.162","1",,FOTOS\OF-AV-WIN_20160715_12_56_21_Pro,"1","1",
-8.18655173068902,40.5884507450081,"269","269","2","6","757.569","1",,FOTOS\OF-AV-WIN_20160715_12_55_10_Pro,"1","1",
-8.189761315057,40.5876340034999,"270","270","2","6","747.28","1",,FOTOS\OF-AV-WIN_20160715_12_00_05_Pro,"1","1",
-8.18942356337816,40.5889976040254,"271","271","2","6","772.349","1",,FOTOS\OF-AV-WIN_20160715_11_56_28_Pro,"1","1",
-8.18916428514147,40.5895724379881,"272","272","2","6","781.564","1",,FOTOS\OF-AV-WIN_20160715_11_51_28_Pro,"1","1",
-8.18973670235362,40.5897255636955,"273","273","2","6","777.197","1",FOTOS\OF-AV-WIN_20160715_11_52_30_Pro,FOTOS\OF-AV-WIN_20160715_11_52_40_Pro,"1","1",
-8.19077324035847,40.589970958011,"274","274","2","6","774.165","1",,FOTOS\OF-AV-WIN_20160715_11_54_21_Pro,"1","1",
-8.18581488533909,40.5908335918853,"275","275","2","6","786.917","1",,FOTOS\OF-AV-WIN_20160715_11_15_46_Pro,"1","1",
-8.18604860294768,40.5917469170837,"276","276","2","6","778.498","1",,FOTOS\OF-AV-WIN_20160715_11_13_47_Pro,"1","1",
-8.18513930430815,40.5914251665392,"277","277","2","6","783.199","1",,FOTOS\OF-AV-WIN_20160715_11_07_34_Pro,"1","1",
-8.18488267848925,40.5918687375911,"278","278","2","6","779.408","1",,FOTOS\OF-AV-WIN_20160715_11_05_58_Pro,"1","1",
-8.18462223203912,40.5924025876103,"279","279","2","6","777.224","1",,FOTOS\OF-AV-WIN_20160715_11_02_54_Pro,"1","1",
-8.18580854428813,40.592868075352,"280","280","2","6","772.547","1",,FOTOS\OF-AV-WIN_20160715_11_04_22_Pro,"1","1",
-8.18426102210379,40.5922954773122,"281","281","2","6","777.547","1",,FOTOS\OF-AV-WIN_20160715_11_01_31_Pro,"1","1",
-8.1839510940513,40.5925158471105,"282","282","2","6","775.229","1",,FOTOS\OF-AV-WIN_20160715_10_59_58_Pro,"1","1",
-8.18379423186496,40.592866698447,"283","283","2","6","770.141","1",,FOTOS\OF-AV-WIN_20160715_10_57_36_Pro,"1","1",
-8.18417448760269,40.5932539648037,"284","284","2","6","764.899","1",,FOTOS\OF-AV-WIN_20160715_10_58_02_Pro,"1","1",
-8.18363686997677,40.5924146576528,"285","285","2","6","771.761","1",,FOTOS\OF-AV-WIN_20160715_10_56_54_Pro,"1","1",
-8.19018185210013,40.5890729482405,"286","286","2","6","767.965","1",,FOTOS\OF-AV-WIN_20160715_11_58_17_Pro,"1","1",
-8.18318852666118,40.5905403374384,"287","287","2","6","772.253","1",,FOTOS\OF-AV-WIN_20160715_13_22_59_Pro,"1","1",
-8.21741519999705,40.602797118546,"288","288","2","6","616.682","1",,FOTOS\OF-AV-WIN_20160715_14_18_11_Pro,"1","1",
-8.18864504116133,40.5899642742826,"289","289","2","6","787.639","1",,FOTOS\OF-AV-WIN_20160715_11_46_27_Pro,"1","1",
-8.19522215224332,40.7459006956432,"290","290","2","6","168.889","1",,FOTOS\DSC00444,"1","1",
-8.19341039930372,40.7453261509641,"291","291","2","6","148.38","1",,FOTOS\DSC00442,"1","1",
-8.18700155610867,40.7437632057975,"292","292","2","6","184.143","1",,FOTOS\DSC00440,"1","1",
-8.187707179081,40.7380905598119,"293","293","2","6","269.596","1",,FOTOS\DSC00438,"1","1",
-8.17985857039667,40.7369098389667,"294","294","2","6","294.002","1",,FOTOS\WIN_20180924_13_52_15_Pro.jpg,"1","1",
-8.1831799869441,40.7357077186582,"295","295","2","6","306.778","1",,FOTOS\DSC00437,"1","1",
-8.15250829324742,40.7364851441871,"296","296","2","6","267.868","1",,FOTOS\DSC00583,"1","1",
-8.16009406195736,40.7342084082663,"297","297","2","6","287.986","1",,FOTOS\DSC00562,"1","1",
-8.15838444369488,40.7340291075812,"298","298","2","6","280.681","1",,FOTOS\DSC00582,"1","1",
-8.15815575779112,40.7312656839752,"299","299","2","6","328.326","1",,FOTOS\DSC00518,"1","1",
-8.2131774216653,40.7411301373382,"300","300","2","6","199.915","1",,FOTOS\DSC00480,"1","1",
-8.21049044889458,40.7419349941245,"301","301","2","6","149.173","1",,FOTOS\DSC00474,"1","1",
-8.20991827661432,40.7436115739901,"302","302","2","6","150.233","1",,FOTOS\DSC00468,"1","1",
-8.21053275802635,40.7433096346972,"303","303","2","6","152.328","1",,FOTOS\DSC00467,"1","1",
-8.20780835552259,40.7440695141228,"304","304","2","6","121.405","1",,FOTOS\DSC00469,"1","1",
-8.21562670613167,40.7440436668535,"305","305","2","6","143.163","1",,FOTOS\DSC00471,"1","1",
-8.20039075221807,40.7459117552426,"306","306","2","6","117.821","1",,FOTOS\DSC00449,"1","1",
-8.20106392067293,40.7447022806599,"307","307","2","6","124.18","1",,FOTOS\DSC00450,"1","1",
-8.19659671949539,40.7418853363674,"308","308","2","6","218.484","1",,FOTOS\DSC00457,"1","1",
-8.20021312388335,40.7426784846857,"309","309","2","6","172.847","1",,FOTOS\DSC00466,"1","1",
-8.19886636899518,40.7420258750386,"310","310","2","6","200.386","1",,FOTOS\DSC00465,"1","1",
-8.19833343462026,40.7424997163928,"311","311","2","6","199.896","1",,FOTOS\DSC00464,"1","1",
-8.19720162276841,40.7426429178469,"312","312","2","6","206.26","1",,FOTOS\DSC00459,"1","1",
-8.19705830307565,40.7431907540677,"313","313","2","6","202.231","1",,FOTOS\DSC00461,"1","1",
-8.19760277111632,40.7435806963456,"314","314","2","6","197.971","1",,FOTOS\DSC00462,"1","1",
-8.18054137542892,40.7354202802222,"315","315","2","6","306.227","1",,FOTOS\DSC00433,"1","1",
-8.19308372664677,40.7328849779455,"316","316","2","6","389.46","1",,FOTOS\DSC00499,"1","1",
-8.19252896316475,40.7325013710028,"317","317","2","6","386.845","1",,FOTOS\DSC00498,"1","1",
-8.19066389261029,40.7331678083563,"318","318","2","6","368.112","1",,FOTOS\DSC00500,"1","1",
-8.18969600082472,40.7329670944732,"319","319","2","6","365.67","1",,FOTOS\DSC00501,"1","1",
-8.19185787389305,40.7310254380111,"320","320","2","6","398.3","1",,FOTOS\DSC00492,"1","1",
-8.19206144863488,40.7315784429099,"321","321","2","6","391.786","1",,FOTOS\DSC00495,"1","1",
-8.17905967890019,40.7341049840449,"322","322","2","6","340.544","1",,FOTOS\DSC00430,"1","1",
-8.18036933213418,40.7333946680089,"323","323","2","6","328.431","1",,FOTOS\DSC00431,"1","1",
-8.17954876640947,40.7377482747556,"324","324","2","6","296.359","1",,FOTOS\DSC00421,"1","1",
-8.17985374666774,40.738646294903,"325","325","2","6","285.43","1",,FOTOS\DSC00435,"1","1",
-8.17839667741918,40.7349886095521,"326","326","2","6","339.425","1",,FOTOS\DSC00423,"1","1",
-8.18451437486104,40.7335935380206,"327","327","2","6","393.821","1",,FOTOS\DSC00327,"1","1",
-8.18216973464664,40.7320232436553,"328","328","2","6","387.159","1",,FOTOS\DSC00328,"1","1",
-8.17494318244323,40.7373997873821,"329","329","2","6","378.76","1",,FOTOS\DSC00382,"1","1",
-8.1755578945512,40.7382802357222,"330","330","2","6","367.601","1",,FOTOS\DSC00381,"1","1",
-8.17697462841133,40.7379634473354,"331","331","2","6","353.93","1",,FOTOS\DSC00380,"1","1",
-8.17409073646006,40.7406435272136,"332","332","2","6","351.84","1",,FOTOS\DSC00378,"1","1",
-8.1743190323189,40.7371926659685,"333","333","2","6","378.518","1",,FOTOS\DSC00383,"1","1",
-8.17257665563024,40.7384932535512,"334","334","2","6","360.674","1",,FOTOS\DSC00367,"1","1",
-8.15515084491245,40.7359595630716,"335","335","2","6","262.415","1",,FOTOS\DSC00572,"1","1",
-8.1580196008844,40.7346076014047,"336","336","2","6","284.448","1",,FOTOS\DSC00575,"1","1",
-8.15582551866632,40.7340358804575,"337","337","2","6","279.554","1",,FOTOS\DSC00574,"1","1",
-8.1572066885843,40.7363659854092,"338","338","2","6","276.759","1",,FOTOS\DSC00569,"1","1",
-8.15693833747278,40.7357118004107,"339","339","2","6","282.325","1",,FOTOS\DSC00568,"1","1",
-8.1630535415392,40.7349262555753,"340","340","2","6","308.833","1",,FOTOS\DSC00561,"1","1",
-8.1596299905387,40.7360065065136,"341","341","2","6","274.025","1",,FOTOS\DSC00566,"1","1",
-8.16267915611702,40.7340268569058,"342","342","2","6","322.147","1",,FOTOS\DSC00558,"1","1",
-8.15726154622455,40.7320815821945,"343","343","2","6","295.088","1",,FOTOS\DSC00581,"1","1",
-8.15499815553977,40.7291823146882,"344","344","2","6","324.016","1",,FOTOS\DSC00517,"1","1",
-8.15501210580157,40.7275396447976,"345","345","2","6","338.538","1",,FOTOS\DSC00515,"1","1",
-8.15690654469412,40.7278876292416,"346","346","2","6","352.368","1",,FOTOS\DSC00512,"1","1",
-8.16445997736678,40.7266495413153,"347","347","2","6","382.782","1",,FOTOS\DSC00502,"1","1",
-8.15944193253231,40.7331861725588,"348","348","2","6","294.089","1",,FOTOS\WIN_20180924_16_01_28_Pro.jpg,"1","1",
-8.16170902379242,40.7266998157137,"349","349","2","6","389.162","1",,FOTOS\DSC00504,"1","1",
-8.16169317594688,40.7287530717846,"350","350","2","6","405.595","1",,FOTOS\DSC00507,"1","1",
-8.1631430874262,40.7269955717757,"351","351","2","6","386.034","1",,FOTOS\DSC00503,"1","1",
-8.16150036740331,40.7277947702479,"352","352","2","6","395.56","1",,FOTOS\DSC00506,"1","1",
-8.16101397794873,40.7267389317243,"353","353","2","6","394.163","1",,FOTOS\DSC00505,"1","1",
-8.15825438598542,40.7305117627627,"354","354","2","6","340.024","1",,FOTOS\DSC00521,"1","1",
-8.16605952325614,40.7357072780696,"355","355","2","6","307.571","1",,FOTOS\DSC00546,"1","1",
-8.17471773429749,40.736338805121,"356","356","1","6","369.029","1",,FOTOS\DSC00388,"1","1",
-8.16643137393902,40.7356453161879,"357","357","2","6","319.05","1",,FOTOS\DSC00545,"1","1",
-8.17439102317231,40.735722998378,"358","358","2","6","368.948","1",,FOTOS\DSC00391,"1","1",
-8.16637925682904,40.7350317914508,"359","359","2","6","323.458","1",,FOTOS\DSC00544,"1","1",
-8.16735912431805,40.734318275005,"360","360","2","6","331.642","1",,FOTOS\DSC00542,"1","1",
-8.16678570672286,40.7345824480135,"361","361","2","6","327.684","1",,FOTOS\DSC00543,"1","1",
-8.16797511917247,40.7344650538448,"362","362","2","6","335.662","1",,FOTOS\DSC00541,"1","1",
-8.16502066950204,40.7353295331175,"363","363","2","6","302.406","1",,FOTOS\DSC00547,"1","1",
-8.17265206048407,40.733527182801,"364","364","2","6","362.853","1",,FOTOS\DSC00535,"1","1",
-8.16879517476712,40.734232698673,"365","365","2","6","335.861","1",,FOTOS\DSC00540,"1","1",
-8.17262843323568,40.7341104580092,"366","366","4","6","364.274","1",,FOTOS\DSC00352,"1","1",
-8.17294319428832,40.7346685833558,"367","367","2","6","359.374","1",,FOTOS\DSC00356,"1","1",
-8.17229380999985,40.7347592113448,"368","368","4","6","355.166","1",,FOTOS\DSC00359,"1","1",
-8.16403804594495,40.7318226260697,"369","369","2","6","323.002","1",,FOTOS\DSC00576,"1","1",
-8.17309530927809,40.7349565486762,"370","370","2","6","357.876","1",,FOTOS\DSC00364,"1","1",
-8.16431354849141,40.7337745115308,"371","371","2","6","331.62","1",,FOTOS\DSC00554,"1","1",
-8.16568878891872,40.7311685207267,"372","372","2","6","371.27","1",,FOTOS\DSC00527,"1","1",
-8.1653734128068,40.7317198168388,"373","373","2","6","375.762","1",,FOTOS\DSC00528,"1","1",
-8.1665786139271,40.7303784490609,"374","374","2","6","371.181","1",,FOTOS\DSC00526,"1","1",
-8.16708933039261,40.7306014152488,"375","375","2","6","370.017","1",,FOTOS\DSC00531,"1","1",
-8.16529366281539,40.732679457953,"376","376","2","6","351.119","1",,FOTOS\DSC00533,"1","1",
-8.16613440849956,40.7318180200412,"377","377","2","6","365.387","1",,FOTOS\DSC00532,"1","1",
-8.17162759579727,40.738234121337,"378","378","4","6","348.752","1",,FOTOS\DSC00376,"1","1",
-8.1711769260602,40.7369239500285,"379","379","4","6","333.97","1",,FOTOS\DSC00373,"1","1",
-8.17080522623868,40.7381845695299,"380","380","4","6","337.322","1",,FOTOS\DSC00374,"1","1",
-8.17138352784801,40.7392995095679,"381","381","4","6","349.687","1",,FOTOS\DSC00375,"1","1",
-8.17382231647837,40.7369460180639,"382","382","4","6","371.254","1",,FOTOS\DSC00385,"1","1",
-8.17811152199208,40.7363045321251,"383","383","2","6","333.252","1",,FOTOS\DSC00420,"1","1",
-8.17584324768775,40.736431697516,"384","384","1","6","358.857","1",,FOTOS\DSC00419,"1","1",
-8.16682531779679,40.7322553954081,"385","385","2","6","341.666","1",,FOTOS\DSC00552,"1","1",
-8.1691971292987,40.7323251364854,"386","386","2","6","349.453","1",,FOTOS\DSC00551,"1","1",
-8.1737686831826,40.7362536895707,"387","387","2","6","363.908","1",,FOTOS\DSC00392,"1","1",
-8.17205751333825,40.7348392007928,"388","388","4","6","354.803","1",,FOTOS\DSC00360,"1","1",
-8.17309485722519,40.7347017913528,"389","389","4","6","358.937","1",,FOTOS\DSC00355,"1","1",
-8.17266272946918,40.7351699167752,"390","390","2","6","352.509","1",,FOTOS\DSC00361,"1","1",
-8.1759094170668,40.7359250678027,"391","391","2","6","363.194","1",,FOTOS\DSC00427,"1","1",
-8.17737372307437,40.7349848011822,"392","392","2","6","351.793","1",,FOTOS\DSC00425,"1","1",
-8.17610352595484,40.7352786166671,"393","393","2","6","362.351","1",,FOTOS\DSC00412,"1","1",
-8.17774060340031,40.7347278919397,"394","394","2","6","349.459","1",,FOTOS\DSC00426,"1","1",
-8.17481467592546,40.7339725918302,"395","395","2","6","363.094","1",,FOTOS\DSC00401,"1","1",
-8.17532880723271,40.7334543929581,"396","396","2","6","367.955","1",,FOTOS\DSC00402,"1","1",
-8.17486832285473,40.7349859155726,"397","397","2","6","368.907","1",,FOTOS\DSC00395,"1","1",
-8.1755236761285,40.7341193989287,"398","398","2","6","368.79","1",,FOTOS\DSC00348,"1","1",
-8.17562056293999,40.7338768332251,"399","399","2","6","368.821","1",,FOTOS\DSC00349,"1","1",
-8.17660732634839,40.7342923950693,"400","400","4","6","369.293","1",,FOTOS\DSC00340,"1","1",
-8.17603557484961,40.7338605231603,"401","401","2","6","371.165","1",,FOTOS\DSC00346,"1","1",
-8.17646389722934,40.7327550168495,"402","402","2","6","372.001","1",,FOTOS\DSC00334,"1","1",
-8.17574961723751,40.7329498079592,"403","403","2","6","368.976","1",,FOTOS\DSC00336,"1","1",
-8.17746660920566,40.7324043581918,"404","404","2","6","375.304","1",,FOTOS\DSC00331,"1","1",
-8.17783531140009,40.7323736236085,"405","405","2","6","376.219","1",,FOTOS\DSC00330,"1","1",
-8.17906968636099,40.7320951812641,"406","406","2","6","376.664","1",,FOTOS\DSC00329,"1","1",
-8.17824691431193,40.731824524888,"407","407","2","6","382.276","1",,FOTOS\WIN_20180813_16_59_36_Pro.jpg,"1","1",
-8.17928094973312,40.7316242397201,"408","408","2","6","397.456","1",FOTOS\WIN_20180813_16_52_16_Pro.jpg,FOTOS\WIN_20180813_16_52_26_Pro.jpg,"1","1",
-8.17900589894715,40.7308805863986,"409","409","2","6","403.97","1",,FOTOS\WIN_20180813_16_49_07_Pro.jpg,"1","1",
-8.17749138204845,40.7315968653696,"410","410","2","6","397.151","1",,FOTOS\WIN_20180813_17_03_58_Pro.jpg,"1","1",
-8.17719194507316,40.7316128740401,"411","411","2","6","387.48","1",,FOTOS\WIN_20180813_17_02_41_Pro.jpg,"1","1",
-8.17672482367138,40.731969381542,"412","412","2","6","379.201","1",,FOTOS\WIN_20180924_11_51_39_Pro.jpg,"1","1",
-8.17706951249139,40.7322448045636,"413","413","2","6","377.445","1",,FOTOS\WIN_20180924_11_55_23_Pro.jpg,"1","1",
-8.1755961441814,40.7331989952735,"414","414","2","6","368.722","1",,FOTOS\DSC00345,"1","1",
-8.18261814020054,40.7272926503863,"415","415","2","6","446.497","1",,FOTOS\WIN_20180813_16_28_38_Pro.jpg,"1","1",
-8.18166021536484,40.727680382426,"416","416","2","6","438.884","1",,FOTOS\WIN_20180813_16_35_38_Pro.jpg,"1","1",
-8.18053168838482,40.7280048086764,"417","417","4","6","430.501","1",,FOTOS\WIN_20180813_16_36_38_Pro.jpg,"1","1",
-8.17951901921624,40.728357614897,"418","418","1","6","425.161","1",,FOTOS\WIN_20180813_16_37_17_Pro.jpg,"1","1",
-8.18008595180803,40.7297234625343,"419","419","4","6","421.888","1",,FOTOS\WIN_20180813_16_43_05_Pro.jpg,"1","1",
-8.17916857385689,40.7290810507904,"420","420","1","6","417.834","1",,FOTOS\WIN_20180813_16_38_05_Pro.jpg,"1","1",
-8.17901609243219,40.7294355962692,"421","421","1","6","413.59","1",,FOTOS\WIN_20180813_16_39_05_Pro.jpg,"1","1",
-8.17861035367006,40.7299935390613,"422","422","4","6","406.768","1",,FOTOS\WIN_20180813_16_41_15_Pro.jpg,"1","1",
-8.17812140424126,40.730672220321,"423","423","1","6","399.192","1",,FOTOS\WIN_20180813_16_47_26_Pro.jpg,"1","1",
-8.17742006268145,40.7313087581544,"424","424","2","6","387.827","1",,FOTOS\WIN_20180813_17_01_32_Pro.jpg,"1","1",
-8.17790977458642,40.730924837002,"425","425","2","6","395.469","1",,FOTOS\WIN_20180813_16_55_33_Pro.jpg,"1","1",
-8.17781329811576,40.7303060108451,"426","426","2","6","405.206","1",,FOTOS\DSC00203,"1","1",
-8.17731779642598,40.7309681508202,"427","427","2","6","390.604","1",,FOTOS\WIN_20180813_17_07_53_Pro.jpg,"1","1",
-8.17807906922522,40.729462383625,"428","428","2","6","407.238","1",,FOTOS\DSC00202,"1","1",
-8.17530915806801,40.7328524802714,"429","429","4","6","367.72","1",,FOTOS\DSC00252,"1","1",
-8.17509505306482,40.732465258605,"430","430","4","6","367.627","1",,FOTOS\DSC00247,"1","1",
-8.173036619303,40.7328060036044,"431","431","4","6","368.332","1",,FOTOS\DSC00256,"1","1",
-8.17486239166344,40.7320321852349,"432","432","4","6","372.116","1",,FOTOS\DSC00287,"1","1",
-8.1763716268186,40.7325278868102,"433","433","2","6","372.611","1",,FOTOS\DSC00283,"1","1",
-8.17326746033414,40.732105459872,"434","434","2","6","371.341","1",,FOTOS\DSC00244,"1","1",
-8.17392386361461,40.731798344723,"435","435","2","6","373.171","1",,FOTOS\DSC00245,"1","1",
-8.17205137189877,40.7322513902214,"436","436","2","6","364.992","1",,FOTOS\DSC00266,"1","1",
-8.17653327384701,40.7313335424425,"437","437","2","6","378.783","1",,FOTOS\WIN_20180924_11_44_38_Pro.jpg,"1","1",
-8.17701434388391,40.7306165507942,"438","438","2","6","392.422","1",,FOTOS\WIN_20180813_17_11_02_Pro.jpg,"1","1",
-8.17699705747568,40.7302344998454,"439","439","2","6","395.749","1",,FOTOS\WIN_20180813_17_11_59_Pro.jpg,"1","1",
-8.17737763045068,40.7294635949836,"440","440","2","6","402.473","1",,FOTOS\WIN_20180813_17_13_10_Pro.jpg,"1","1",
-8.17783736501692,40.7289055509572,"441","441","2","6","407.382","1",,FOTOS\WIN_20180924_10_29_58_Pro.jpg,"1","1",
-8.17774076145179,40.7281966135377,"442","442","2","6","409.069","1",,FOTOS\WIN_20180813_17_19_19_Pro.jpg,"1","1",
-8.17954106990788,40.7273982880611,"443","443","2","6","423.326","1",,FOTOS\WIN_20180813_17_25_47_Pro.jpg,"1","1",
-8.1790344863837,40.7272093137225,"444","444","2","6","416.469","1",,FOTOS\WIN_20180813_17_26_53_Pro.jpg,"1","1",
-8.17633756966153,40.7279813593517,"445","445","2","6","397.869","1",,FOTOS\WIN_20180924_11_30_13_Pro.jpg,"1","1",
-8.17712063244291,40.7272137982413,"446","446","2","6","407.198","1",,FOTOS\WIN_20180924_11_33_26_Pro.jpg,"1","1",
-8.16887045109212,40.7309551147259,"447","447","2","6","353.822","1",,FOTOS\DSC00234,"1","1",
-8.1690643439082,40.7304197703544,"448","448","2","6","360.926","1",,FOTOS\DSC00233,"1","1",
-8.16945107322525,40.7291597708621,"449","449","2","6","379.221","1",,FOTOS\DSC00236,"1","1",
-8.16989063184161,40.7287875196639,"450","450","2","6","379.124","1",,FOTOS\DSC00235,"1","1",
-8.16926059222632,40.7283228529967,"451","451","2","6","374.528","1",,FOTOS\DSC00228,"1","1",
-8.16805156748415,40.7290017991273,"452","452","2","6","373.268","1",,FOTOS\DSC00230,"1","1",
-8.1702634124522,40.7292704116185,"453","453","2","6","380.41","1",,FOTOS\DSC00319,"1","1",
-8.17512439731236,40.7316500391372,"454","454","2","6","370.992","1",,FOTOS\DSC00286,"1","1",
-8.17529926761549,40.7308648397651,"455","455","2","6","373.045","1",,FOTOS\P1010017,"1","1",
-8.1753806715091,40.7306916119899,"456","456","2","6","373.879","1",,FOTOS\WIN_20180924_11_37_55_Pro.jpg,"1","1",
-8.17545548483588,40.7304264742073,"457","457","1","6","374.03","1",,FOTOS\DSC_0014,"1","1",
-8.17551433287407,40.7300648025788,"458","458","1","6","375.383","1",,FOTOS\DSC_0012,"1","1",
-8.17556310450651,40.7296997415122,"459","459","1","6","377.593","1",,FOTOS\DSC_0011,"1","1",
-8.17594584499542,40.7267177402393,"460","460","4","6","398.16","1",,FOTOS\WIN_20180924_11_27_09_Pro.jpg,"1","1",
-8.17371756594325,40.7313143758746,"461","461","2","6","372.893","1",,FOTOS\DSC00288,"1","1",
-8.1737104389589,40.7312189064921,"462","462","1","6","372.806","1",,FOTOS\DSC00291,"1","1",
-8.17313042487802,40.7313706572501,"463","463","2","6","373.566","1",,FOTOS\DSC00289,"1","1",
-8.17248363632545,40.7314321968249,"464","464","2","6","373.607","1",,FOTOS\DSC00241,"1","1",
-8.17424103348948,40.7312306456035,"465","465","2","6","371.495","1",,FOTOS\DSC00292,"1","1",
-8.17301168339833,40.7308035747843,"466","466","2","6","377.95","1",,FOTOS\DSC00315,"1","1",
-8.17401988222768,40.7308524063471,"467","467","2","6","372.639","1",,FOTOS\DSC00294,"1","1",
-8.17209223387903,40.7304184776907,"468","468","2","6","382.691","1",,FOTOS\DSC00314,"1","1",
-8.17476419865002,40.7311196571066,"469","469","4","6","370.713","1",,FOTOS\DSC00281,"1","1",
-8.17492440126306,40.7305376217237,"470","470","2","6","372.698","1",,FOTOS\DSC00279,"1","1",
-8.17452759142487,40.7304321303517,"471","471","2","6","372.865","1",,FOTOS\DSC00280,"1","1",
-8.17510155959489,40.7303568228311,"472","472","4","6","373.991","1",,FOTOS\DSC00276,"1","1",
-8.17464033036394,40.7302712854352,"473","473","4","6","374.042","1",,FOTOS\DSC00296,"1","1",
-8.17310325036411,40.7300934782103,"474","474","1","6","384.408","1",,FOTOS\DSC00298,"1","1",
-8.17246221091922,40.7299275459849,"475","475","2","6","390.946","1",,FOTOS\DSC00299,"1","1",
-8.17528395913549,40.7290020496444,"476","476","4","6","382.994","1",,FOTOS\DSC00275,"1","1",
-8.17173650722617,40.7314051907867,"477","477","4","6","370.449","1",,FOTOS\DSC00239,"1","1",
-8.17213609333636,40.7312645374586,"478","478","1","6","373.719","1",,FOTOS\DSC00268,"1","1",
-8.17102953878767,40.729598561317,"479","479","2","6","382.046","1",,FOTOS\DSC00320,"1","1",
-8.18352515331455,40.7267967362015,"480","480","2","6","453.301","1",,FOTOS\WIN_20180813_16_26_39_Pro.jpg,"1","1",
-8.18418234122169,40.7261972770326,"481","481","2","6","458.853","1",,FOTOS\WIN_20180813_16_25_45_Pro.jpg,"1","1",
-8.18435466456877,40.7254147325709,"482","482","2","6","466.734","1",,FOTOS\WIN_20180813_16_24_55_Pro.jpg,"1","1",
-8.18409902647325,40.724626220117,"483","483","2","6","469.838","1",,FOTOS\WIN_20180813_16_23_30_Pro.jpg,"1","1",
-8.17192867282917,40.7299964416715,"484","484","2","6","385.408","1",,FOTOS\DSC00313,"1","1",
-8.17217222807887,40.7297036469097,"485","485","2","6","392.264","1",,FOTOS\DSC00302,"1","1",
-8.1710414979667,40.7286864796285,"486","486","2","6","386.451","1",,FOTOS\DSC00321,"1","1",
-8.17151784833362,40.7283465552381,"487","487","2","6","387.62","1",,FOTOS\DSC00322,"1","1",
-8.17191895306233,40.7286946043537,"488","488","2","6","389.88","1",,FOTOS\DSC00312,"1","1",
-8.17225040770296,40.7280666518097,"489","489","4","6","389.643","1",,FOTOS\DSC00323,"1","1",
-8.17446827210196,40.7266764326679,"490","490","2","6","400.629","1",,FOTOS\DSC00306,"1","1",
-8.17547251223347,40.7275647596935,"491","491","4","6","393.797","1",,FOTOS\DSC00273,"1","1",
-8.17292817939755,40.7277019151907,"492","492","2","6","391.35","1",,FOTOS\DSC00310,"1","1",
-8.17293392445469,40.725484857511,"493","493","2","6","380.296","1",,FOTOS\DSC00325,"1","1",
-8.17251586543828,40.7257840776631,"494","494","2","6","376.647","1",,FOTOS\DSC00222,"1","1",
-8.17303586844134,40.724916275765,"495","495","2","6","380.975","1",,FOTOS\DSC00221,"1","1",
-8.17527479963771,40.7255351641146,"496","496","2","6","399.965","1",,FOTOS\DSC00307,"1","1",
-8.17645680797211,40.7254553096764,"497","497","4","6","402.858","1",,FOTOS\DSC00271,"1","1",
-8.18361826194587,40.7252145593646,"498","498","2","6","463.797","1",,FOTOS\WIN_20180813_16_18_54_Pro.jpg,"1","1",
-8.18230459769474,40.7229829758182,"499","499","2","6","456.346","1",,FOTOS\WIN_20180813_16_09_01_Pro.jpg,"1","1",
-8.18097814043344,40.724572938661,"500","500","2","6","434.475","1",,FOTOS\WIN_20180924_10_58_00_Pro.jpg,"1","1",
-8.180930231725,40.7249362430688,"501","501","2","6","433.04","1",,FOTOS\P1010032,"1","1",
-8.18102701354199,40.7248042765535,"502","502","2","6","434.325","1",,FOTOS\WIN_20180924_10_56_01_Pro.jpg,"1","1",
-8.18180680269061,40.7230453885941,"503","503","2","6","446.566","1",,FOTOS\WIN_20180813_16_12_48_Pro.jpg,"1","1",
-8.18165970224058,40.7245627214176,"504","504","2","6","441.19","1",,FOTOS\WIN_20180813_16_15_23_Pro.jpg,"1","1",
-8.18084521167037,40.7247097552373,"505","505","2","6","433.809","1",,FOTOS\WIN_20180924_10_58_41_Pro.jpg,"1","1",
-8.17573770960964,40.7245714520065,"506","506","2","6","396.96","1",,FOTOS\DSC00219,"1","1",
-8.17505933721831,40.7245124585648,"507","507","2","6","392.364","1",,FOTOS\DSC00218,"1","1",
-8.1744312444484,40.7227888691239,"508","508","2","6","401.129","1",,FOTOS\DSC00213,"1","1",
-8.17490913110933,40.7195579824588,"509","509","2","6","420.299","1",,FOTOS\DSC00211,"1","1",
-8.18543194420987,40.7234973511873,"510","510","2","6","475.309","1",,FOTOS\P1010088,"1","1",
-8.18685074280329,40.722507346709,"511","511","2","6","485.322","1",,FOTOS\P1010086,"1","1",
-8.18577272769983,40.7230730737638,"512","512","2","6","477.292","1",,FOTOS\P1010087,"1","1",
-8.18785025662531,40.7218570081278,"513","513","2","6","496.182","1",,FOTOS\P1010085,"1","1",
-8.1841455644687,40.7239512224655,"514","514","2","6","472.916","1",,FOTOS\P1010091,"1","1",
-8.18390318231349,40.7230877703696,"515","515","2","6","466.617","1",,FOTOS\P1010092,"1","1",
-8.18323795760133,40.7223085553314,"516","516","2","6","461.115","1",,FOTOS\P1010093,"1","1",
-8.1826092709764,40.7215719730214,"517","517","2","6","457.952","1",,FOTOS\P1010094,"1","1",
-8.18230849663124,40.7216389239291,"518","518","2","6","456.222","1",,FOTOS\P1010030,"1","1",
-8.18209002278143,40.7222774874554,"519","519","2","6","451.839","1",,FOTOS\P1010029,"1","1",
-8.17841304726745,40.7261394128755,"520","520","2","6","409.013","1",,FOTOS\WIN_20180924_10_44_03_Pro.jpg,"1","1",
-8.17876900322093,40.7261445531907,"521","521","2","6","411.294","1",,FOTOS\WIN_20180924_10_44_47_Pro.jpg,"1","1",
-8.1781218046805,40.7261283101068,"522","522","2","6","407.817","1",,FOTOS\WIN_20180924_10_43_19_Pro.jpg,"1","1",
-8.17775072244936,40.7264446434413,"523","523","2","6","406.664","1",,FOTOS\P1010046,"1","1",
-8.17764257411944,40.7262661167776,"524","524","2","6","410.089","1",,FOTOS\P1010047,"1","1",
-8.18483884783561,40.7093909474764,"525","525","2","6","466.208","1",,FOTOS\WIN_20180813_14_59_31_Pro.jpg,"1","1",
-8.17748229246097,40.726017919001,"526","526","2","6","405.873","1",,FOTOS\WIN_20180924_10_42_02_Pro.jpg,"1","1",
-8.17940716577497,40.7213468558976,"527","527","2","6","427.224","1",,FOTOS\DSC00205,"1","1",
-8.17960044984466,40.7209971964151,"528","528","2","6","430.756","1",,FOTOS\P1010101,"1","1",
-8.18208250676399,40.720953121715,"529","529","2","6","456.826","1",,FOTOS\P1010096,"1","1",
-8.18157195582433,40.7205133043111,"530","530","2","6","455.451","1",,FOTOS\P1010097,"1","1",
-8.1806966442074,40.7199364162473,"531","531","2","6","451.696","1",,FOTOS\P1010098,"1","1",
-8.17984144077899,40.7195520403246,"532","532","2","6","447.015","1",,FOTOS\P1010099,"1","1",
-8.17662177494023,40.7195323369176,"533","533","2","6","428.312","1",,FOTOS\DSC00208,"1","1",
-8.17633485026655,40.7237929690403,"534","534","2","6","396.27","1",,FOTOS\WIN_20180924_11_08_55_Pro.jpg,"1","1",
-8.17594708844825,40.721516082375,"535","535","2","6","410.911","1",,FOTOS\P1010076,"1","1",
-8.17713042611088,40.7172257905436,"536","536","4","6","438.837","1",,FOTOS\p1010072,"1","1",
-8.17711982536742,40.7171564335705,"537","537","4","6","438.971","1",,FOTOS\p1010071,"1","1",
-8.1776366748762,40.7169961627634,"538","538","2","6","442.691","1",,FOTOS\p1010069,"1","1",
-8.17508413563418,40.7044014586188,"539","539","4","6","441.257","1",,FOTOS\p1010067,"1","1",
-8.17527633457694,40.7076565348462,"540","540","2","6","457.506","1",,FOTOS\p1010066,"1","1",
-8.17685571664274,40.7114663217086,"541","541","2","6","466.263","1",,FOTOS\p1010065,"1","1",
-8.17688731981967,40.7117881458665,"542","542","4","6","466.035","1",,FOTOS\p1010064,"1","1",
-8.17730947641205,40.7121906294318,"543","543","2","6","465.152","1",,FOTOS\P1010063,"1","1",
-8.20439035530801,40.7154321332979,"544","544","2","6","524.84","1",,FOTOS\P1010032,"1","1",
-8.18759048159671,40.7195221516984,"545","545","2","6","508.056","1",,FOTOS\P1010011,"1","1",
-8.18758652623777,40.7211888935616,"546","546","2","6","502.24","1",,FOTOS\P1010013,"1","1",
-8.18657532136808,40.7209609076801,"547","547","2","6","503.397","1",,FOTOS\P1010014,"1","1",
-8.18574117615434,40.7204634095601,"548","548","2","6","508.114","1",,FOTOS\P1010015,"1","1",
-8.18518884935977,40.7197208945804,"549","549","2","6","510.133","1",,FOTOS\P1010016,"1","1",
-8.17835403662123,40.7123907139872,"550","550","2","6","465.468","1",,FOTOS\p1010055,"1","1",
-8.17788220112601,40.7125492163674,"551","551","2","6","465.087","1",,FOTOS\p1010056,"1","1",
-8.17992655899975,40.7108294389858,"552","552","2","6","470.282","1",,FOTOS\p1010050,"1","1",
-8.18124374738047,40.7093267815602,"553","553","2","6","464.816","1",,FOTOS\p1010054,"1","1",
-8.18067575189844,40.7108872548825,"554","554","2","6","472.522","1",,FOTOS\p1010053,"1","1",
-8.18196629610772,40.7118211036967,"555","555","2","6","477.434","1",,FOTOS\p1010041,"1","1",
-8.18324500726239,40.7116694571578,"556","556","2","6","482.941","1",,FOTOS\p1010046,"1","1",
-8.18429262747643,40.7117576524945,"557","557","2","6","489.698","1",,FOTOS\p1010040,"1","1",
-8.18509164073869,40.7111701944892,"558","558","2","6","487.427","1",,FOTOS\p1010037,"1","1",
-8.19059301022283,40.710263867789,"559","559","2","6","499.649","1",,FOTOS\WIN_20180813_14_55_30_Pro.jpg,"1","1",
-8.18770372997246,40.710723660092,"560","560","2","6","491.778","1",,FOTOS\p1010030,"1","1",
-8.184075470351,40.7130078697052,"561","561","2","6","504.078","1",,FOTOS\p1010025,"1","1",
-8.18515602569151,40.714997555993,"562","562","2","6","510.527","1",,FOTOS\P1010021,"1","1",
-8.18445130732566,40.7177662941645,"563","563","2","6","504.646","1",,FOTOS\P1010019,"1","1",
-8.17224163610559,40.7329109219013,"564","564","2","6","365.468","1",,FOTOS\DSC00263,"1","1",
-8.17043249610549,40.7281237324608,"565","565","2","6","374.843","1",,FOTOS\DSC00226,"1","1",
-8.1711421727807,40.7272508507887,"566","566","2","6","373.242","1",,FOTOS\DSC00225,"1","1",
-8.17181843222792,40.7263602641252,"567","567","2","6","374.168","1",,FOTOS\DSC00223,"1","1",
-8.18835790520088,40.714579366798,"568","568","2","6","507.625","1",,FOTOS\WIN_20180813_15_06_19_Pro.jpg,"1","1",
-8.19800635244203,40.7084669649566,"569","569","2","6","478.904","1",,FOTOS\WIN_20180813_14_01_49_Pro.jpg,"1","1",
-8.19518353430584,40.711601285609,"570","570","2","6","468.791","1",,FOTOS\WIN_20180813_13_57_18_Pro.jpg,"1","1",
-8.19352517106504,40.71156063398,"571","571","2","6","478.288","1",,FOTOS\WIN_20180813_13_56_12_Pro.jpg,"1","1",
-8.19693126073634,40.7116182797211,"572","572","2","6","470.771","1",,FOTOS\WIN_20180813_14_46_16_Pro.jpg,"1","1",
-8.19169531086414,40.7132073865885,"573","573","2","6","495.092","1",,FOTOS\WIN_20180813_13_55_00_Pro.jpg,"1","1",
-8.1957499173046,40.7131146624989,"574","574","2","6","482.699","1",,FOTOS\WIN_20180813_14_41_43_Pro.jpg,"1","1",
-8.19014951673052,40.7135875769858,"575","575","2","6","501.175","1",,FOTOS\WIN_20180813_13_53_22_Pro.jpg,"1","1",
-8.19236496240359,40.7134471433734,"576","576","2","6","494.428","1",,FOTOS\WIN_20180813_14_51_55_Pro.jpg,"1","1",
-8.20226061433502,40.7215784203879,"577","577","2","6","458.99","1",,FOTOS\WIN_20180813_15_33_54_Pro.jpg,"1","1",
-8.20279091277689,40.7207837281088,"578","578","2","6","467.507","1",,FOTOS\WIN_20180813_15_35_22_Pro.jpg,"1","1",
-8.20174658097473,40.7203711740559,"579","579","2","6","476.077","1",,FOTOS\WIN_20180813_15_41_51_Pro.jpg,"1","1",
-8.20059858942751,40.7202477070119,"580","580","2","6","482.974","1",,FOTOS\WIN_20180813_15_38_11_Pro.jpg,"1","1",
-8.19956786037102,40.7201142285,"581","581","2","6","489.464","1",,FOTOS\WIN_20180813_15_44_59_Pro.jpg,"1","1",
-8.19942277916478,40.7202224718707,"582","582","2","6","490.148","1",,FOTOS\WIN_20180813_15_45_14_Pro.jpg,"1","1",
-8.19828826037101,40.7200108684672,"583","583","2","6","495.703","1",,FOTOS\WIN_20180813_15_48_24_Pro.jpg,"1","1",
-8.1979790209289,40.7198315445303,"584","584","2","6","496.947","1",,FOTOS\WIN_20180813_15_49_22_Pro.jpg,"1","1",
-8.19714497835868,40.7197867237031,"585","585","2","6","499.463","1",,FOTOS\WIN_20180813_15_50_47_Pro.jpg,"1","1",
-8.19685158644215,40.7195778963279,"586","586","2","6","501.427","1",,FOTOS\WIN_20180813_15_51_19_Pro.jpg,"1","1",
-8.19605208023673,40.7194535967545,"587","587","2","6","504.972","1",,FOTOS\WIN_20180813_15_52_10_Pro.jpg,"1","1",
-8.19574371865225,40.719305162743,"588","588","2","6","507.263","1",,FOTOS\WIN_20180813_15_52_52_Pro.jpg,"1","1",
-8.19549124293549,40.7191282506841,"589","589","2","6","509.596","1",,FOTOS\WIN_20180813_15_53_13_Pro.jpg,"1","1",
-8.19063493433616,40.715746052388,"590","590","2","6","494.037","1",,FOTOS\WIN_20180813_15_08_40_Pro.jpg,"1","1",
-8.18911017763318,40.7194993800228,"591","591","2","6","489.487","1",,FOTOS\WIN_20180813_16_01_39_Pro.jpg,"1","1",
-8.19012684223035,40.7168897604557,"592","592","4","6","490.149","1",,FOTOS\WIN_20180813_15_18_31_Pro.jpg,"1","1",
-8.17712540109848,40.7325866782217,"593","593","2","6",NC,"2",,FOTOS\OF-UFO-170518-140240,"1","1",
-8.17794439252535,40.7327609373183,"594","594","2","6",NC,"2",,FOTOS\OF-UFO-170518-142348,"1","1",
-8.17478821274387,40.7195889997044,"595","595","2","6",NC,"2",,FOTOS\OF-UFO-170522-105023,"1","1",
-8.17152917047152,40.7311514878603,"596","596","2","6",NC,"2",,FOTOS\OF-UFO-170525-093217,"1","1",
-8.17173301838493,40.7313353152136,"597","597","2","6",NC,"2",,FOTOS\OF-UFO-170525-093446,"1","1",
-8.17388339987595,40.7307622251127,"598","598","2","6",NC,"2",,FOTOS\OF-UFO-170525-110502,"1","1",
-8.17371048955886,40.7308064807391,"599","599","2","6",NC,"2",,FOTOS\OF-UFO-170525-111450,"1","1",
-8.17346340231735,40.7339618849921,"600","600","2","6",NC,"1",,FOTOS\OF-UFO-170526-111957,"1","1",
